Source,Target,alntmscore,Weight
P04817,P05316,0.4544,1.0
P04817,P06775,0.8405,1.0
P04817,P15380,0.8098000000000001,1.0
P04817,P19807,0.7147,1.0
P04817,P25376,0.79455,1.0
P04817,P32487,0.87975,1.0
P04817,P33413,0.6004,1.0
P04817,P38084,0.8220000000000001,1.0
P04817,P38090,0.84795,1.0
P04817,P50276,0.7496,1.0
P04817,P53388,0.84825,1.0
P05316,P06775,0.46609999999999996,1.0
P05316,P15380,0.42345,1.0
P05316,P19807,0.5322,1.0
P05316,P25376,0.42575,1.0
P05316,P32487,0.5101,1.0
P05316,P33413,0.48575,1.0
P05316,P38084,0.43174999999999997,1.0
P05316,P38090,0.46145,1.0
P05316,P50276,0.5226,1.0
P05316,P53388,0.5138499999999999,1.0
P06775,P15380,0.78415,1.0
P06775,P19807,0.6975,1.0
P06775,P25376,0.8593999999999999,1.0
P06775,P32487,0.811,1.0
P06775,P33413,0.56975,1.0
P06775,P38084,0.838,1.0
P06775,P38090,0.7899499999999999,1.0
P06775,P50276,0.7170000000000001,1.0
P06775,P53388,0.79085,1.0
P10870,P13181,0.8069999999999999,1.0
P10870,P23585,0.8143,1.0
P10870,P25297,0.73165,1.0
P10870,P25346,0.6472,1.0
P10870,P25621,0.6651,1.0
P10870,P30605,0.7885500000000001,1.0
P10870,P30606,0.76875,1.0
P10870,P32465,0.85775,1.0
P10870,P32466,0.8725499999999999,1.0
P10870,P36035,0.583,1.0
P10870,P36173,0.5649500000000001,1.0
P10870,P38227,0.5493,1.0
P10870,P38695,0.80515,1.0
P10870,P39004,0.81745,1.0
P10870,P39932,0.8426,1.0
P10870,P40474,0.5887,1.0
P10870,P53322,0.6725000000000001,1.0
P10870,P53943,0.5621,1.0
P10870,Q06451,0.6285000000000001,1.0
P10870,Q08902,0.64395,1.0
P10870,Q12300,0.70425,1.0
P13181,P23585,0.9287,1.0
P13181,P25297,0.6245499999999999,1.0
P13181,P25346,0.7291,1.0
P13181,P25621,0.6456,1.0
P13181,P30605,0.78955,1.0
P13181,P30606,0.8114,1.0
P13181,P32465,0.83375,1.0
P13181,P32466,0.87775,1.0
P13181,P36035,0.5850500000000001,1.0
P13181,P36173,0.56175,1.0
P13181,P38227,0.5459,1.0
P13181,P38695,0.9094500000000001,1.0
P13181,P39004,0.92885,1.0
P13181,P39932,0.81975,1.0
P13181,P40474,0.5635,1.0
P13181,P53322,0.6760999999999999,1.0
P13181,P53943,0.61565,1.0
P13181,Q06451,0.64595,1.0
P13181,Q08902,0.6569499999999999,1.0
P13181,Q12300,0.7996,1.0
P15380,P19807,0.6638999999999999,1.0
P15380,P25376,0.72685,1.0
P15380,P32487,0.7944,1.0
P15380,P33413,0.5165500000000001,1.0
P15380,P38084,0.7867500000000001,1.0
P15380,P38090,0.83425,1.0
P15380,P50276,0.7321,1.0
P15380,P53388,0.8278000000000001,1.0
P19807,P25376,0.6777,1.0
P19807,P32487,0.7095499999999999,1.0
P19807,P33413,0.40605,0.9984999999999999
P19807,P38084,0.6875,1.0
P19807,P38090,0.71275,1.0
P19807,P50276,0.78375,1.0
P19807,P53388,0.71065,1.0
P23585,P25297,0.70825,1.0
P23585,P25346,0.7084,1.0
P23585,P25621,0.6254500000000001,1.0
P23585,P30605,0.796,1.0
P23585,P30606,0.8109999999999999,1.0
P23585,P32465,0.8314,1.0
P23585,P32466,0.88185,1.0
P23585,P36035,0.5980000000000001,1.0
P23585,P36173,0.55115,1.0
P23585,P38227,0.59965,1.0
P23585,P38695,0.9261,1.0
P23585,P39004,0.91995,1.0
P23585,P39932,0.8514,1.0
P23585,P40474,0.61195,1.0
P23585,P53322,0.7101,1.0
P23585,P53943,0.5992,1.0
P23585,Q06451,0.61185,1.0
P23585,Q08902,0.6477999999999999,1.0
P23585,Q12300,0.81275,1.0
P25297,P25346,0.77505,1.0
P25297,P25621,0.6774,1.0
P25297,P30605,0.7254499999999999,1.0
P25297,P30606,0.7227,1.0
P25297,P32465,0.6997,1.0
P25297,P32466,0.7031499999999999,1.0
P25297,P36035,0.62685,1.0
P25297,P36173,0.5278499999999999,1.0
P25297,P38227,0.5843499999999999,1.0
P25297,P38695,0.6288,1.0
P25297,P39004,0.6595,1.0
P25297,P39932,0.737,1.0
P25297,P40474,0.5521499999999999,1.0
P25297,P53322,0.6965,1.0
P25297,P53943,0.6524000000000001,1.0
P25297,Q06451,0.7035,1.0
P25297,Q08902,0.6361,1.0
P25297,Q12300,0.74085,1.0
P25346,P25621,0.6853499999999999,1.0
P25346,P30605,0.7057,1.0
P25346,P30606,0.7241500000000001,1.0
P25346,P32465,0.68375,1.0
P25346,P32466,0.7563,1.0
P25346,P36035,0.67205,1.0
P25346,P36173,0.51905,1.0
P25346,P38227,0.6166,1.0
P25346,P38695,0.7244999999999999,1.0
P25346,P39004,0.64405,1.0
P25346,P39932,0.7536,1.0
P25346,P40474,0.63725,1.0
P25346,P53322,0.71905,1.0
P25346,P53943,0.63905,1.0
P25346,Q06451,0.67485,1.0
P25346,Q08902,0.61625,1.0
P25346,Q12300,0.6911,1.0
P25376,P32487,0.77565,1.0
P25376,P33413,0.5112,1.0
P25376,P38084,0.8557,1.0
P25376,P38090,0.79425,1.0
P25376,P50276,0.7684,1.0
P25376,P53388,0.79595,1.0
P25613,P32907,0.713,1.0
P25613,Q12359,0.71705,1.0
P25621,P30605,0.70065,1.0
P25621,P30606,0.66025,1.0
P25621,P32465,0.6871499999999999,1.0
P25621,P32466,0.6732,1.0
P25621,P36035,0.62875,1.0
P25621,P36173,0.5734,1.0
P25621,P38227,0.6757,1.0
P25621,P38695,0.6747,1.0
P25621,P39004,0.65345,1.0
P25621,P39932,0.61575,1.0
P25621,P40474,0.6718500000000001,1.0
P25621,P53322,0.755,1.0
P25621,P53943,0.6803,1.0
P25621,Q06451,0.6951499999999999,1.0
P25621,Q08902,0.62495,1.0
P25621,Q12300,0.6509499999999999,1.0
P30605,P30606,0.8993,1.0
P30605,P32465,0.7643,1.0
P30605,P32466,0.79725,1.0
P30605,P36035,0.60915,1.0
P30605,P36173,0.53445,1.0
P30605,P38227,0.5506,1.0
P30605,P38695,0.7616,1.0
P30605,P39004,0.78975,1.0
P30605,P39932,0.841,1.0
P30605,P40474,0.6079,1.0
P30605,P53322,0.6248,1.0
P30605,P53943,0.6352500000000001,1.0
P30605,Q06451,0.6454,1.0
P30605,Q08902,0.6123000000000001,1.0
P30605,Q12300,0.7584,1.0
P30606,P32465,0.77505,1.0
P30606,P32466,0.78545,1.0
P30606,P36035,0.57485,1.0
P30606,P36173,0.54455,1.0
P30606,P38227,0.54585,1.0
P30606,P38695,0.7694,1.0
P30606,P39004,0.79595,1.0
P30606,P39932,0.85205,1.0
P30606,P40474,0.6072500000000001,1.0
P30606,P53322,0.6574,1.0
P30606,P53943,0.57715,1.0
P30606,Q06451,0.6128,1.0
P30606,Q08902,0.59085,1.0
P30606,Q12300,0.73595,1.0
P32465,P32466,0.8981,1.0
P32465,P36035,0.5949,1.0
P32465,P36173,0.53645,1.0
P32465,P38227,0.4911,1.0
P32465,P38695,0.8001,1.0
P32465,P39004,0.83255,1.0
P32465,P39932,0.8231999999999999,1.0
P32465,P40474,0.57255,1.0
P32465,P53322,0.6417,1.0
P32465,P53943,0.57555,1.0
P32465,Q06451,0.5780000000000001,1.0
P32465,Q08902,0.5963,1.0
P32465,Q12300,0.8546,1.0
P32466,P36035,0.61155,1.0
P32466,P36173,0.5646,1.0
P32466,P38227,0.5102500000000001,1.0
P32466,P38695,0.8452999999999999,1.0
P32466,P39004,0.8688,1.0
P32466,P39932,0.8432,1.0
P32466,P40474,0.61345,1.0
P32466,P53322,0.6488499999999999,1.0
P32466,P53943,0.62985,1.0
P32466,Q06451,0.59485,1.0
P32466,Q08902,0.62955,1.0
P32466,Q12300,0.85185,1.0
P32487,P33413,0.5496000000000001,1.0
P32487,P38084,0.8189500000000001,1.0
P32487,P38090,0.8078,1.0
P32487,P50276,0.7655000000000001,1.0
P32487,P53388,0.8266,1.0
P32907,Q12359,0.6940999999999999,1.0
P33413,P38084,0.49734999999999996,1.0
P33413,P38090,0.55125,1.0
P33413,P50276,0.513,1.0
P33413,P53388,0.57565,1.0
P36035,P36173,0.56165,1.0
P36035,P38227,0.5897,1.0
P36035,P38695,0.59425,1.0
P36035,P39004,0.62795,1.0
P36035,P39932,0.63105,1.0
P36035,P40474,0.6452500000000001,1.0
P36035,P53322,0.6617500000000001,1.0
P36035,P53943,0.5627,1.0
P36035,Q06451,0.6895,1.0
P36035,Q08902,0.6933499999999999,1.0
P36035,Q12300,0.56345,1.0
P36173,P38227,0.5017,1.0
P36173,P38695,0.51355,1.0
P36173,P39004,0.5028,1.0
P36173,P39932,0.6092,1.0
P36173,P40474,0.5499499999999999,1.0
P36173,P53322,0.5855,1.0
P36173,P53943,0.5682,1.0
P36173,Q06451,0.6402,1.0
P36173,Q08902,0.72475,1.0
P36173,Q12300,0.5067999999999999,1.0
P38084,P38090,0.789,1.0
P38084,P50276,0.7645500000000001,1.0
P38084,P53388,0.79635,1.0
P38090,P50276,0.7234499999999999,1.0
P38090,P53388,0.8375,1.0
P38227,P38695,0.5257000000000001,1.0
P38227,P39004,0.5579000000000001,1.0
P38227,P39932,0.603,1.0
P38227,P40474,0.67405,1.0
P38227,P53322,0.58715,1.0
P38227,P53943,0.74735,1.0
P38227,Q06451,0.85565,1.0
P38227,Q08902,0.6114999999999999,1.0
P38227,Q12300,0.5757,1.0
P38695,P39004,0.9037,1.0
P38695,P39932,0.82295,1.0
P38695,P40474,0.6021,1.0
P38695,P53322,0.62355,1.0
P38695,P53943,0.5647,1.0
P38695,Q06451,0.5589500000000001,1.0
P38695,Q08902,0.67745,1.0
P38695,Q12300,0.75695,1.0
P39004,P39932,0.79155,1.0
P39004,P40474,0.62205,1.0
P39004,P53322,0.69735,1.0
P39004,P53943,0.6187,1.0
P39004,Q06451,0.61545,1.0
P39004,Q08902,0.63025,1.0
P39004,Q12300,0.81125,1.0
P39932,P40474,0.55835,1.0
P39932,P53322,0.6698,1.0
P39932,P53943,0.6345000000000001,1.0
P39932,Q06451,0.68355,1.0
P39932,Q08902,0.6054,1.0
P39932,Q12300,0.7816000000000001,1.0
P40169,P54003,0.7340500000000001,1.0
P40169,Q06991,0.8894500000000001,1.0
P40169,Q07651,0.7659,1.0
P40474,P53322,0.6680999999999999,1.0
P40474,P53943,0.9309499999999999,1.0
P40474,Q06451,0.77095,1.0
P40474,Q08902,0.6227,1.0
P40474,Q12300,0.58545,1.0
P47114,Q04705,0.6904,1.0
P50276,P53388,0.7404,1.0
P53047,Q08417,0.70465,1.0
P53047,Q12442,0.40449999999999997,0.8795
P53322,P53943,0.6506000000000001,1.0
P53322,Q06451,0.6144499999999999,1.0
P53322,Q08902,0.68865,1.0
P53322,Q12300,0.63895,1.0
P53388,P53838,0.207,0.537
P53943,Q06451,0.7002999999999999,1.0
P53943,Q08902,0.68645,1.0
P53943,Q12300,0.58345,1.0
P54003,Q06991,0.74285,1.0
P54003,Q07651,0.7379,1.0
Q06451,Q08902,0.68585,1.0
Q06451,Q12300,0.5718000000000001,1.0
Q06991,Q07651,0.8137000000000001,1.0
Q08902,Q12300,0.6632499999999999,1.0
