Id,Label,family,pfam,Length,n_tm,topology
P04817,CAN1,AA_permease (APC),PF00324,590,12,12 TM | N-? / C-?
P05316,FUR4,Other,PF02133,633,12,12 TM | N-? / C-?
P06775,HIP1,AA_permease (APC),PF00324,603,12,12 TM | N-in / C-in
P0CD91,AQY1,Other,PF00230,305,6,6 TM | N-in / C-in
P10870,SNF3,Sugar_tr (MFS),PF00083,884,12,12 TM | N-in / C-in
P13181,GAL2,Sugar_tr (MFS),PF00083,574,12,12 TM | N-in / C-in
P15380,PUT4,AA_permease (APC),PF00324,627,12,12 TM | N-? / C-?
P19807,HNM1,AA_permease_2 (APC),PF13520,563,11,11 TM | N-out / C-in
P23585,HXT2,Sugar_tr (MFS),PF00083,541,12,12 TM | N-in / C-in
P25297,PHO84,Sugar_tr (MFS),PF00083,587,12,12 TM | N-out / C-out
P25346,GIT1,Sugar_tr (MFS),PF00083,518,12,12 TM | N-in / C-in
P25376,AGP1,AA_permease (APC),PF00324,633,12,12 TM | N-in / C-in
P25613,ADY2,Gpr1/Fun34/YaaH,PF01184,283,6,6 TM | N-in / C-in
P25621,FEN2,MFS_1,PF07690,512,12,12 TM | N-in / C-in
P30605,ITR1,Sugar_tr (MFS),PF00083,584,12,12 TM | N-in / C-in
P30606,ITR2,Sugar_tr (MFS),PF00083,609,12,12 TM | N-in / C-in
P32465,HXT1,Sugar_tr (MFS),PF00083,570,12,12 TM | N-in / C-in
P32466,HXT3,Sugar_tr (MFS),PF00083,567,12,12 TM | N-in / C-in
P32487,LYP1,AA_permease (APC),PF00324,611,12,12 TM | N-in / C-in
P32907,ATO2,Gpr1/Fun34/YaaH,PF01184,282,6,6 TM | N-out / C-out
P33413,DUR3,Other,PF00474,735,14,14 TM | N-in / C-in
P35735,SFK1,Other,PF10277,353,6,6 TM | N-in / C-in
P36035,JEN1,Sugar_tr (MFS),PF00083,616,12,12 TM | N-in / C-in
P36173,GEX2,MFS_1,PF07690,615,12,12 TM | N-in / C-in
P38084,BAP2,AA_permease (APC),PF00324,609,12,12 TM | N-in / C-in
P38090,AGP2,AA_permease (APC),PF00324,596,12,12 TM | N-in / C-in
P38227,QDR3,MFS_1,PF07690,689,11,11 TM | N-out / C-in
P38695,HXT5,Sugar_tr (MFS),PF00083,592,12,12 TM | N-in / C-in
P38993,FET3,Other,PF00394,636,1,1 TM | N-out / C-in
P39004,HXT7,Sugar_tr (MFS),PF00083,570,12,12 TM | N-in / C-in
P39932,STL1,Sugar_tr (MFS),PF00083,569,12,12 TM | N-in / C-in
P40169,YNL194C,SUR7,PF06687,301,4,4 TM | N-out / C-out
P40474,QDR2,MFS_1,PF07690,542,12,12 TM | N-in / C-in
P40988,FET4,Other,PF04120,552,7,7 TM | N-out / C-in
P41948,MEP2,Other,PF00909,499,11,11 TM | N-out / C-in
P47114,KCH1,KCH,PF16944,497,3,3 TM | N-out / C-in
P49573,CTR1,Other,PF04145,406,2,2 TM | N-in / C-in
P50276,MUP1,AA_permease_2 (APC),PF13520,574,10,10 TM | N-in / C-in
P53047,RTA1,RTA1,PF04479,317,7,7 TM | N-out / C-in
P53154,GUP1,Other,PF03062,560,11,11 TM | N-out / C-in
P53322,TNA1,MFS_1,PF07690,534,11,11 TM | N-out / C-in
P53388,DIP5,AA_permease (APC),PF00324,608,12,12 TM | N-in / C-in
P53838,BOR1,Other,PF00955,576,12,12 TM | N-in / C-in
P53943,AQR1,MFS_1,PF07690,586,11,11 TM | N-out / C-in
P54003,SUR7,SUR7,PF06687,302,4,4 TM | N-in / C-in
Q04705,PRM6,KCH,PF16944,352,3,3 TM | N-out / C-in
Q05131,RCH1,Other,PF13593,434,10,10 TM | N-in / C-in
Q06451,TPO3,MFS_1,PF07690,622,12,12 TM | N-in / C-in
Q06991,PUN1,SUR7,PF06687,263,4,4 TM | N-in / C-in
Q07651,FMP45,SUR7,PF06687,309,4,4 TM | N-in / C-in
Q08417,RSB1,RTA1,PF04479,382,7,7 TM | N-out / C-in
Q08902,AMF1,MFS_1,PF07690,515,13,13 TM | N-out / C-in
Q08913,FEX1,Other,PF02537,375,9,9 TM | N-in / C-out
Q12300,RGT2,Sugar_tr (MFS),PF00083,763,12,12 TM | N-in / C-in
Q12359,ATO3,Gpr1/Fun34/YaaH,PF01184,275,5,5 TM | N-out / C-in
Q12442,IZH2,Other,PF03006,317,7,7 TM | N-in / C-out
