	CAN1	FUR4	HIP1	AQY1	SNF3	GAL2	PUT4	HNM1	HXT2	PHO84	GIT1	AGP1	ADY2	FEN2	ITR1	ITR2	HXT1	HXT3	LYP1	ATO2	DUR3	SFK1	JEN1	GEX2	BAP2	AGP2	QDR3	HXT5	FET3	HXT7	STL1	YNL194C	QDR2	FET4	MEP2	KCH1	CTR1	MUP1	RTA1	GUP1	TNA1	DIP5	BOR1	AQR1	SUR7	PRM6	RCH1	TPO3	PUN1	FMP45	RSB1	AMF1	FEX1	RGT2	ATO3	IZH2
CAN1	1.000	1.000	1.000	0.008	0.130	0.028	1.000	1.000	0.017	0.022	0.052	1.000	0.015	0.012	0.232	0.274	0.076	0.080	1.000	0.012	1.000	0.000	0.066	0.015	1.000	1.000	0.010	0.040	0.000	0.013	0.021	0.000	0.083	0.007	0.027	0.000	0.000	1.000	0.000	0.016	0.043	1.000	0.076	0.183	0.000	0.000	0.000	0.028	0.000	0.000	0.004	0.012	0.042	0.431	0.005	0.000
FUR4	1.000	1.000	1.000	0.000	0.066	0.045	1.000	1.000	0.030	0.018	0.004	1.000	0.000	0.027	0.042	0.057	0.046	0.069	1.000	0.000	1.000	0.004	0.043	0.004	1.000	1.000	0.010	0.114	0.004	0.035	0.015	0.000	0.022	0.013	0.009	0.012	0.000	1.000	0.000	0.000	0.078	1.000	0.266	0.025	0.000	0.000	0.000	0.004	0.000	0.000	0.000	0.028	0.008	0.057	0.000	0.000
HIP1	1.000	1.000	1.000	0.000	0.066	0.094	1.000	1.000	0.063	0.011	0.060	1.000	0.000	0.028	0.127	0.079	0.122	0.165	1.000	0.000	1.000	0.004	0.036	0.079	1.000	1.000	0.009	0.083	0.000	0.055	0.049	0.000	0.066	0.004	0.011	0.005	0.000	1.000	0.012	0.008	0.182	1.000	0.165	0.179	0.000	0.000	0.000	0.091	0.000	0.007	0.004	0.098	0.009	0.090	0.000	0.000
AQY1	0.008	0.000	0.000	1.000	0.018	0.004	0.011	0.011	0.035	0.032	0.004	0.000	0.007	0.004	0.028	0.031	0.035	0.033	0.008	0.005	0.000	0.005	0.009	0.037	0.008	0.000	0.077	0.004	0.000	0.000	0.005	0.000	0.054	0.000	0.014	0.025	0.000	0.015	0.000	0.000	0.004	0.036	0.008	0.058	0.025	0.000	0.043	0.014	0.000	0.004	0.000	0.000	0.029	0.034	0.022	0.004
SNF3	0.130	0.066	0.066	0.018	1.000	1.000	0.180	0.340	1.000	1.000	1.000	0.045	0.011	1.000	1.000	1.000	1.000	1.000	0.123	0.004	0.060	0.004	1.000	1.000	0.035	0.118	1.000	1.000	0.004	1.000	1.000	0.042	1.000	0.004	0.052	0.076	0.000	0.076	0.000	0.000	1.000	0.152	0.007	1.000	0.017	0.000	0.076	1.000	0.004	0.014	0.000	1.000	0.123	1.000	0.000	0.000
GAL2	0.028	0.045	0.094	0.004	1.000	1.000	0.045	0.022	1.000	1.000	1.000	0.035	0.000	1.000	1.000	1.000	1.000	1.000	0.032	0.000	0.040	0.004	1.000	1.000	0.040	0.016	1.000	1.000	0.000	1.000	1.000	0.000	1.000	0.011	0.011	0.000	0.000	0.020	0.000	0.000	1.000	0.028	0.009	1.000	0.000	0.000	0.012	1.000	0.000	0.000	0.000	1.000	0.208	1.000	0.000	0.000
PUT4	1.000	1.000	1.000	0.011	0.180	0.045	1.000	1.000	0.019	0.032	0.076	1.000	0.004	0.034	0.173	0.214	0.027	0.066	1.000	0.004	1.000	0.052	0.078	0.042	1.000	1.000	0.005	0.073	0.000	0.035	0.086	0.000	0.144	0.011	0.042	0.000	0.004	1.000	0.007	0.000	0.151	1.000	0.103	0.128	0.000	0.000	0.000	0.076	0.000	0.000	0.000	0.017	0.010	0.099	0.012	0.000
HNM1	1.000	1.000	1.000	0.011	0.340	0.022	1.000	1.000	0.073	0.016	0.107	1.000	0.004	0.032	0.135	0.135	0.087	0.087	1.000	0.004	0.998	0.000	0.078	0.035	1.000	1.000	0.017	0.063	0.000	0.067	0.032	0.000	0.025	0.004	0.031	0.014	0.000	1.000	0.005	0.011	0.094	1.000	0.176	0.065	0.000	0.000	0.011	0.040	0.000	0.000	0.014	0.016	0.007	0.143	0.004	0.000
HXT2	0.017	0.030	0.063	0.035	1.000	1.000	0.019	0.073	1.000	1.000	1.000	0.015	0.000	1.000	1.000	1.000	1.000	1.000	0.058	0.000	0.011	0.000	1.000	1.000	0.015	0.051	1.000	1.000	0.000	1.000	1.000	0.004	1.000	0.010	0.007	0.000	0.000	0.034	0.000	0.000	1.000	0.073	0.004	1.000	0.004	0.000	0.004	1.000	0.000	0.004	0.000	1.000	0.136	1.000	0.000	0.000
PHO84	0.022	0.018	0.011	0.032	1.000	1.000	0.032	0.016	1.000	1.000	1.000	0.028	0.000	1.000	1.000	1.000	1.000	1.000	0.020	0.000	0.057	0.004	1.000	1.000	0.027	0.012	1.000	1.000	0.000	1.000	1.000	0.000	1.000	0.013	0.018	0.005	0.000	0.045	0.000	0.000	1.000	0.012	0.015	1.000	0.000	0.000	0.054	1.000	0.000	0.005	0.000	1.000	0.111	1.000	0.004	0.000
GIT1	0.052	0.004	0.060	0.004	1.000	1.000	0.076	0.107	1.000	1.000	1.000	0.104	0.000	1.000	1.000	1.000	1.000	1.000	0.073	0.000	0.094	0.004	1.000	1.000	0.098	0.032	1.000	1.000	0.000	1.000	1.000	0.009	1.000	0.025	0.034	0.009	0.000	0.057	0.004	0.000	1.000	0.063	0.064	1.000	0.005	0.000	0.027	1.000	0.004	0.000	0.000	1.000	0.080	1.000	0.000	0.000
AGP1	1.000	1.000	1.000	0.000	0.045	0.035	1.000	1.000	0.015	0.028	0.104	1.000	0.014	0.052	0.101	0.100	0.045	0.037	1.000	0.005	1.000	0.015	0.151	0.090	1.000	1.000	0.063	0.145	0.000	0.038	0.033	0.000	0.076	0.009	0.046	0.004	0.000	1.000	0.008	0.015	0.458	1.000	0.145	0.064	0.000	0.000	0.004	0.060	0.000	0.000	0.004	0.049	0.033	0.156	0.025	0.000
ADY2	0.015	0.000	0.000	0.007	0.011	0.000	0.004	0.004	0.000	0.000	0.000	0.014	1.000	0.007	0.005	0.008	0.000	0.000	0.025	1.000	0.004	0.004	0.000	0.000	0.004	0.000	0.035	0.000	0.000	0.000	0.000	0.000	0.000	0.004	0.000	0.000	0.000	0.004	0.000	0.000	0.008	0.000	0.000	0.040	0.000	0.000	0.000	0.010	0.010	0.000	0.000	0.017	0.000	0.025	1.000	0.000
FEN2	0.012	0.027	0.028	0.004	1.000	1.000	0.034	0.032	1.000	1.000	1.000	0.052	0.007	1.000	1.000	1.000	1.000	1.000	0.014	0.004	0.045	0.007	1.000	1.000	0.005	0.011	1.000	1.000	0.000	1.000	1.000	0.049	1.000	0.014	0.075	0.013	0.005	0.020	0.000	0.000	1.000	0.014	0.029	1.000	0.073	0.000	0.135	1.000	0.007	0.080	0.000	1.000	0.130	1.000	0.004	0.000
ITR1	0.232	0.042	0.127	0.028	1.000	1.000	0.173	0.135	1.000	1.000	1.000	0.101	0.005	1.000	1.000	1.000	1.000	1.000	0.165	0.017	0.101	0.000	1.000	1.000	0.048	0.110	1.000	1.000	0.000	1.000	1.000	0.000	1.000	0.008	0.009	0.000	0.000	0.148	0.000	0.000	1.000	0.255	0.007	1.000	0.000	0.000	0.027	1.000	0.004	0.000	0.000	1.000	0.127	1.000	0.008	0.000
ITR2	0.274	0.057	0.079	0.031	1.000	1.000	0.214	0.135	1.000	1.000	1.000	0.100	0.008	1.000	1.000	1.000	1.000	1.000	0.156	0.022	0.106	0.004	1.000	1.000	0.037	0.120	1.000	1.000	0.000	1.000	1.000	0.000	1.000	0.009	0.039	0.000	0.004	0.043	0.000	0.000	1.000	0.245	0.013	1.000	0.000	0.000	0.066	1.000	0.000	0.000	0.000	1.000	0.151	1.000	0.004	0.000
HXT1	0.076	0.046	0.122	0.035	1.000	1.000	0.027	0.087	1.000	1.000	1.000	0.045	0.000	1.000	1.000	1.000	1.000	1.000	0.090	0.000	0.018	0.000	1.000	1.000	0.091	0.133	1.000	1.000	0.000	1.000	1.000	0.000	1.000	0.010	0.021	0.009	0.000	0.011	0.000	0.004	1.000	0.084	0.000	1.000	0.000	0.000	0.052	1.000	0.000	0.000	0.000	1.000	0.043	1.000	0.000	0.000
HXT3	0.080	0.069	0.165	0.033	1.000	1.000	0.066	0.087	1.000	1.000	1.000	0.037	0.000	1.000	1.000	1.000	1.000	1.000	0.120	0.004	0.033	0.000	1.000	1.000	0.087	0.140	1.000	1.000	0.000	1.000	1.000	0.000	1.000	0.011	0.020	0.009	0.000	0.073	0.000	0.000	1.000	0.128	0.004	1.000	0.000	0.000	0.051	1.000	0.000	0.000	0.000	1.000	0.078	1.000	0.000	0.000
LYP1	1.000	1.000	1.000	0.008	0.123	0.032	1.000	1.000	0.058	0.020	0.073	1.000	0.025	0.014	0.165	0.156	0.090	0.120	1.000	0.000	1.000	0.000	0.216	0.038	1.000	1.000	0.010	0.128	0.000	0.096	0.028	0.000	0.087	0.000	0.042	0.012	0.000	1.000	0.004	0.022	0.162	1.000	0.147	0.118	0.000	0.000	0.000	0.073	0.000	0.000	0.004	0.018	0.004	0.348	0.004	0.000
ATO2	0.012	0.000	0.000	0.005	0.004	0.000	0.004	0.004	0.000	0.000	0.000	0.005	1.000	0.004	0.017	0.022	0.000	0.004	0.000	1.000	0.000	0.007	0.000	0.004	0.004	0.000	0.034	0.000	0.000	0.000	0.000	0.004	0.000	0.000	0.000	0.000	0.000	0.000	0.000	0.000	0.009	0.000	0.000	0.037	0.005	0.000	0.000	0.015	0.022	0.005	0.004	0.004	0.000	0.021	1.000	0.000
DUR3	1.000	1.000	1.000	0.000	0.060	0.040	1.000	0.998	0.011	0.057	0.094	1.000	0.004	0.045	0.101	0.106	0.018	0.033	1.000	0.000	1.000	0.009	0.046	0.040	1.000	1.000	0.018	0.005	0.000	0.009	0.090	0.000	0.011	0.008	0.050	0.000	0.000	1.000	0.009	0.000	0.009	1.000	0.166	0.032	0.000	0.000	0.043	0.040	0.000	0.000	0.000	0.161	0.000	0.128	0.000	0.014
SFK1	0.000	0.004	0.004	0.005	0.004	0.004	0.052	0.000	0.000	0.004	0.004	0.015	0.004	0.007	0.000	0.004	0.000	0.000	0.000	0.007	0.009	1.000	0.000	0.000	0.004	0.004	0.022	0.000	0.000	0.000	0.005	0.011	0.004	0.004	0.004	0.004	0.000	0.004	0.029	0.000	0.000	0.000	0.000	0.022	0.011	0.000	0.016	0.000	0.007	0.048	0.124	0.000	0.009	0.000	0.000	0.030
JEN1	0.066	0.043	0.036	0.009	1.000	1.000	0.078	0.078	1.000	1.000	1.000	0.151	0.000	1.000	1.000	1.000	1.000	1.000	0.216	0.000	0.046	0.000	1.000	1.000	0.090	0.091	1.000	1.000	0.000	1.000	1.000	0.004	1.000	0.011	0.022	0.007	0.000	0.009	0.000	0.004	1.000	0.064	0.116	1.000	0.000	0.000	0.009	1.000	0.000	0.005	0.000	1.000	0.165	1.000	0.000	0.000
GEX2	0.015	0.004	0.079	0.037	1.000	1.000	0.042	0.035	1.000	1.000	1.000	0.090	0.000	1.000	1.000	1.000	1.000	1.000	0.038	0.004	0.040	0.000	1.000	1.000	0.087	0.045	1.000	1.000	0.000	1.000	1.000	0.004	1.000	0.090	0.045	0.018	0.000	0.086	0.000	0.021	1.000	0.128	0.015	1.000	0.000	0.000	0.035	1.000	0.004	0.007	0.000	1.000	0.084	1.000	0.000	0.000
BAP2	1.000	1.000	1.000	0.008	0.035	0.040	1.000	1.000	0.015	0.027	0.098	1.000	0.004	0.005	0.048	0.037	0.091	0.087	1.000	0.004	1.000	0.004	0.090	0.087	1.000	1.000	0.015	0.030	0.000	0.024	0.027	0.000	0.035	0.009	0.021	0.000	0.000	1.000	0.004	0.077	0.212	1.000	0.144	0.017	0.000	0.000	0.000	0.045	0.000	0.000	0.000	0.017	0.022	0.043	0.005	0.000
AGP2	1.000	1.000	1.000	0.000	0.118	0.016	1.000	1.000	0.051	0.012	0.032	1.000	0.000	0.011	0.110	0.120	0.133	0.140	1.000	0.000	1.000	0.004	0.091	0.045	1.000	1.000	0.014	0.028	0.000	0.049	0.067	0.000	0.065	0.000	0.043	0.004	0.000	1.000	0.007	0.008	0.091	1.000	0.091	0.197	0.000	0.000	0.009	0.040	0.000	0.000	0.000	0.027	0.013	0.167	0.004	0.000
QDR3	0.010	0.010	0.009	0.077	1.000	1.000	0.005	0.017	1.000	1.000	1.000	0.063	0.035	1.000	1.000	1.000	1.000	1.000	0.010	0.034	0.018	0.022	1.000	1.000	0.015	0.014	1.000	1.000	0.000	1.000	1.000	0.000	1.000	0.000	0.013	0.016	0.004	0.008	0.013	0.000	1.000	0.007	0.007	1.000	0.000	0.000	0.009	1.000	0.000	0.004	0.007	1.000	0.110	1.000	0.017	0.021
HXT5	0.040	0.114	0.083	0.004	1.000	1.000	0.073	0.063	1.000	1.000	1.000	0.145	0.000	1.000	1.000	1.000	1.000	1.000	0.128	0.000	0.005	0.000	1.000	1.000	0.030	0.028	1.000	1.000	0.000	1.000	1.000	0.000	1.000	0.004	0.010	0.000	0.000	0.040	0.000	0.000	1.000	0.060	0.004	1.000	0.000	0.000	0.035	1.000	0.000	0.004	0.000	1.000	0.043	1.000	0.000	0.000
FET3	0.000	0.004	0.000	0.000	0.004	0.000	0.000	0.000	0.000	0.000	0.000	0.000	0.000	0.000	0.000	0.000	0.000	0.000	0.000	0.000	0.000	0.000	0.000	0.000	0.000	0.000	0.000	0.000	1.000	0.000	0.000	0.000	0.000	0.000	0.000	0.000	0.000	0.000	0.000	0.000	0.000	0.000	0.000	0.000	0.000	0.000	0.000	0.000	0.000	0.000	0.000	0.000	0.000	0.000	0.000	0.000
HXT7	0.013	0.035	0.055	0.000	1.000	1.000	0.035	0.067	1.000	1.000	1.000	0.038	0.000	1.000	1.000	1.000	1.000	1.000	0.096	0.000	0.009	0.000	1.000	1.000	0.024	0.049	1.000	1.000	0.000	1.000	1.000	0.000	1.000	0.000	0.009	0.000	0.000	0.008	0.000	0.000	1.000	0.057	0.000	1.000	0.000	0.000	0.009	1.000	0.000	0.000	0.000	1.000	0.080	1.000	0.000	0.000
STL1	0.021	0.015	0.049	0.005	1.000	1.000	0.086	0.032	1.000	1.000	1.000	0.033	0.000	1.000	1.000	1.000	1.000	1.000	0.028	0.000	0.090	0.005	1.000	1.000	0.027	0.067	1.000	1.000	0.000	1.000	1.000	0.000	1.000	0.010	0.028	0.000	0.000	0.034	0.000	0.000	1.000	0.054	0.005	1.000	0.000	0.000	0.018	1.000	0.000	0.000	0.000	1.000	0.162	1.000	0.000	0.000
YNL194C	0.000	0.000	0.000	0.000	0.042	0.000	0.000	0.000	0.004	0.000	0.009	0.000	0.000	0.049	0.000	0.000	0.000	0.000	0.000	0.004	0.000	0.011	0.004	0.004	0.000	0.000	0.000	0.000	0.000	0.000	0.000	1.000	0.000	0.000	0.005	0.261	0.043	0.000	0.020	0.000	0.000	0.000	0.000	0.000	1.000	0.005	0.000	0.000	1.000	1.000	0.000	0.004	0.000	0.033	0.000	0.000
QDR2	0.083	0.022	0.066	0.054	1.000	1.000	0.144	0.025	1.000	1.000	1.000	0.076	0.000	1.000	1.000	1.000	1.000	1.000	0.087	0.000	0.011	0.004	1.000	1.000	0.035	0.065	1.000	1.000	0.000	1.000	1.000	0.000	1.000	0.007	0.035	0.000	0.000	0.011	0.004	0.000	1.000	0.067	0.022	1.000	0.000	0.018	0.013	1.000	0.000	0.000	0.007	1.000	0.205	1.000	0.013	0.000
FET4	0.007	0.013	0.004	0.000	0.004	0.011	0.011	0.004	0.010	0.013	0.025	0.009	0.004	0.014	0.008	0.009	0.010	0.011	0.000	0.000	0.008	0.004	0.011	0.090	0.009	0.000	0.000	0.004	0.000	0.000	0.010	0.000	0.007	1.000	0.004	0.000	0.000	0.000	0.004	0.004	0.009	0.004	0.000	0.009	0.000	0.004	0.035	0.008	0.000	0.000	0.025	0.057	0.008	0.009	0.000	0.004
MEP2	0.027	0.009	0.011	0.014	0.052	0.011	0.042	0.031	0.007	0.018	0.034	0.046	0.000	0.075	0.009	0.039	0.021	0.020	0.042	0.000	0.050	0.004	0.022	0.045	0.021	0.043	0.013	0.010	0.000	0.009	0.028	0.005	0.035	0.004	1.000	0.007	0.000	0.007	0.004	0.000	0.058	0.068	0.025	0.063	0.005	0.004	0.017	0.024	0.000	0.004	0.019	0.034	0.011	0.070	0.000	0.009
KCH1	0.000	0.012	0.005	0.025	0.076	0.000	0.000	0.014	0.000	0.005	0.009	0.004	0.000	0.013	0.000	0.000	0.009	0.009	0.012	0.000	0.000	0.004	0.007	0.018	0.000	0.004	0.016	0.000	0.000	0.000	0.000	0.261	0.000	0.000	0.007	1.000	0.000	0.010	0.011	0.004	0.000	0.000	0.000	0.049	0.073	1.000	0.000	0.000	0.004	0.070	0.020	0.004	0.000	0.090	0.004	0.011
CTR1	0.000	0.000	0.000	0.000	0.000	0.000	0.004	0.000	0.000	0.000	0.000	0.000	0.000	0.005	0.000	0.004	0.000	0.000	0.000	0.000	0.000	0.000	0.000	0.000	0.000	0.000	0.004	0.000	0.000	0.000	0.000	0.043	0.000	0.000	0.000	0.000	1.000	0.000	0.000	0.000	0.000	0.000	0.000	0.000	0.182	0.000	0.000	0.000	0.000	0.069	0.000	0.000	0.000	0.000	0.000	0.000
MUP1	1.000	1.000	1.000	0.015	0.076	0.020	1.000	1.000	0.034	0.045	0.057	1.000	0.004	0.020	0.148	0.043	0.011	0.073	1.000	0.000	1.000	0.004	0.009	0.086	1.000	1.000	0.008	0.040	0.000	0.008	0.034	0.000	0.011	0.000	0.007	0.010	0.000	1.000	0.007	0.004	0.024	1.000	0.098	0.060	0.000	0.000	0.000	0.020	0.000	0.000	0.000	0.034	0.004	0.027	0.000	0.000
RTA1	0.000	0.000	0.012	0.000	0.000	0.000	0.007	0.005	0.000	0.000	0.004	0.008	0.000	0.000	0.000	0.000	0.000	0.000	0.004	0.000	0.009	0.029	0.000	0.000	0.004	0.007	0.013	0.000	0.000	0.000	0.000	0.020	0.004	0.004	0.004	0.011	0.000	0.007	1.000	0.000	0.000	0.004	0.004	0.000	0.000	0.020	0.020	0.000	0.000	0.000	1.000	0.000	0.000	0.000	0.000	0.879
GUP1	0.016	0.000	0.008	0.000	0.000	0.000	0.000	0.011	0.000	0.000	0.000	0.015	0.000	0.000	0.000	0.000	0.004	0.000	0.022	0.000	0.000	0.000	0.004	0.021	0.077	0.008	0.000	0.000	0.000	0.000	0.000	0.000	0.000	0.004	0.000	0.004	0.000	0.004	0.000	1.000	0.000	0.015	0.013	0.009	0.000	0.000	0.000	0.000	0.000	0.000	0.000	0.000	0.010	0.010	0.000	0.000
TNA1	0.043	0.078	0.182	0.004	1.000	1.000	0.151	0.094	1.000	1.000	1.000	0.458	0.008	1.000	1.000	1.000	1.000	1.000	0.162	0.009	0.009	0.000	1.000	1.000	0.212	0.091	1.000	1.000	0.000	1.000	1.000	0.000	1.000	0.009	0.058	0.000	0.000	0.024	0.000	0.000	1.000	0.103	0.073	1.000	0.000	0.000	0.045	1.000	0.000	0.000	0.000	1.000	0.082	1.000	0.004	0.000
DIP5	1.000	1.000	1.000	0.036	0.152	0.028	1.000	1.000	0.073	0.012	0.063	1.000	0.000	0.014	0.255	0.245	0.084	0.128	1.000	0.000	1.000	0.000	0.064	0.128	1.000	1.000	0.007	0.060	0.000	0.057	0.054	0.000	0.067	0.004	0.068	0.000	0.000	1.000	0.004	0.015	0.103	1.000	0.537	0.236	0.000	0.000	0.005	0.061	0.000	0.000	0.028	0.024	0.009	0.225	0.000	0.000
BOR1	0.076	0.266	0.165	0.008	0.007	0.009	0.103	0.176	0.004	0.015	0.064	0.145	0.000	0.029	0.007	0.013	0.000	0.004	0.147	0.000	0.166	0.000	0.116	0.015	0.144	0.091	0.007	0.004	0.000	0.000	0.005	0.000	0.022	0.000	0.025	0.000	0.000	0.098	0.004	0.013	0.073	0.537	1.000	0.005	0.000	0.000	0.000	0.032	0.000	0.000	0.014	0.022	0.056	0.004	0.000	0.000
AQR1	0.183	0.025	0.179	0.058	1.000	1.000	0.128	0.065	1.000	1.000	1.000	0.064	0.040	1.000	1.000	1.000	1.000	1.000	0.118	0.037	0.032	0.022	1.000	1.000	0.017	0.197	1.000	1.000	0.000	1.000	1.000	0.000	1.000	0.009	0.063	0.049	0.000	0.060	0.000	0.009	1.000	0.236	0.005	1.000	0.004	0.000	0.025	1.000	0.004	0.004	0.000	1.000	0.237	1.000	0.009	0.000
SUR7	0.000	0.000	0.000	0.025	0.017	0.000	0.000	0.000	0.004	0.000	0.005	0.000	0.000	0.073	0.000	0.000	0.000	0.000	0.000	0.005	0.000	0.011	0.000	0.000	0.000	0.000	0.000	0.000	0.000	0.000	0.000	1.000	0.000	0.000	0.005	0.073	0.182	0.000	0.000	0.000	0.000	0.000	0.000	0.004	1.000	0.008	0.000	0.000	1.000	1.000	0.000	0.015	0.000	0.030	0.000	0.000
PRM6	0.000	0.000	0.000	0.000	0.000	0.000	0.000	0.000	0.000	0.000	0.000	0.000	0.000	0.000	0.000	0.000	0.000	0.000	0.000	0.000	0.000	0.000	0.000	0.000	0.000	0.000	0.000	0.000	0.000	0.000	0.000	0.005	0.018	0.004	0.004	1.000	0.000	0.000	0.020	0.000	0.000	0.000	0.000	0.000	0.008	1.000	0.000	0.000	0.000	0.004	0.011	0.000	0.000	0.000	0.000	0.013
RCH1	0.000	0.000	0.000	0.043	0.076	0.012	0.000	0.011	0.004	0.054	0.027	0.004	0.000	0.135	0.027	0.066	0.052	0.051	0.000	0.000	0.043	0.016	0.009	0.035	0.000	0.009	0.009	0.035	0.000	0.009	0.018	0.000	0.013	0.035	0.017	0.000	0.000	0.000	0.020	0.000	0.045	0.005	0.000	0.025	0.000	0.000	1.000	0.076	0.000	0.000	0.090	0.070	0.091	0.051	0.000	0.013
TPO3	0.028	0.004	0.091	0.014	1.000	1.000	0.076	0.040	1.000	1.000	1.000	0.060	0.010	1.000	1.000	1.000	1.000	1.000	0.073	0.015	0.040	0.000	1.000	1.000	0.045	0.040	1.000	1.000	0.000	1.000	1.000	0.000	1.000	0.008	0.024	0.000	0.000	0.020	0.000	0.000	1.000	0.061	0.032	1.000	0.000	0.000	0.076	1.000	0.000	0.008	0.000	1.000	0.284	1.000	0.000	0.000
PUN1	0.000	0.000	0.000	0.000	0.004	0.000	0.000	0.000	0.000	0.000	0.004	0.000	0.010	0.007	0.004	0.000	0.000	0.000	0.000	0.022	0.000	0.007	0.000	0.004	0.000	0.000	0.000	0.000	0.000	0.000	0.000	1.000	0.000	0.000	0.000	0.004	0.000	0.000	0.000	0.000	0.000	0.000	0.000	0.004	1.000	0.000	0.000	0.000	1.000	1.000	0.000	0.000	0.000	0.000	0.018	0.009
FMP45	0.000	0.000	0.007	0.004	0.014	0.000	0.000	0.000	0.004	0.005	0.000	0.000	0.000	0.080	0.000	0.000	0.000	0.000	0.000	0.005	0.000	0.048	0.005	0.007	0.000	0.000	0.004	0.004	0.000	0.000	0.000	1.000	0.000	0.000	0.004	0.070	0.069	0.000	0.000	0.000	0.000	0.000	0.000	0.004	1.000	0.004	0.000	0.008	1.000	1.000	0.000	0.012	0.000	0.015	0.000	0.004
RSB1	0.004	0.000	0.004	0.000	0.000	0.000	0.000	0.014	0.000	0.000	0.000	0.004	0.000	0.000	0.000	0.000	0.000	0.000	0.004	0.004	0.000	0.124	0.000	0.000	0.000	0.000	0.007	0.000	0.000	0.000	0.000	0.000	0.007	0.025	0.019	0.020	0.000	0.000	1.000	0.000	0.000	0.028	0.014	0.000	0.000	0.011	0.090	0.000	0.000	0.000	1.000	0.004	0.004	0.000	0.000	0.083
AMF1	0.012	0.028	0.098	0.000	1.000	1.000	0.017	0.016	1.000	1.000	1.000	0.049	0.017	1.000	1.000	1.000	1.000	1.000	0.018	0.004	0.161	0.000	1.000	1.000	0.017	0.027	1.000	1.000	0.000	1.000	1.000	0.004	1.000	0.057	0.034	0.004	0.000	0.034	0.000	0.000	1.000	0.024	0.022	1.000	0.015	0.000	0.070	1.000	0.000	0.012	0.004	1.000	0.166	1.000	0.000	0.000
FEX1	0.042	0.008	0.009	0.029	0.123	0.208	0.010	0.007	0.136	0.111	0.080	0.033	0.000	0.130	0.127	0.151	0.043	0.078	0.004	0.000	0.000	0.009	0.165	0.084	0.022	0.013	0.110	0.043	0.000	0.080	0.162	0.000	0.205	0.008	0.011	0.000	0.000	0.004	0.000	0.010	0.082	0.009	0.056	0.237	0.000	0.000	0.091	0.284	0.000	0.000	0.004	0.166	1.000	0.085	0.000	0.009
RGT2	0.431	0.057	0.090	0.034	1.000	1.000	0.099	0.143	1.000	1.000	1.000	0.156	0.025	1.000	1.000	1.000	1.000	1.000	0.348	0.021	0.128	0.000	1.000	1.000	0.043	0.167	1.000	1.000	0.000	1.000	1.000	0.033	1.000	0.009	0.070	0.090	0.000	0.027	0.000	0.010	1.000	0.225	0.004	1.000	0.030	0.000	0.051	1.000	0.000	0.015	0.000	1.000	0.085	1.000	0.015	0.000
ATO3	0.005	0.000	0.000	0.022	0.000	0.000	0.012	0.004	0.000	0.004	0.000	0.025	1.000	0.004	0.008	0.004	0.000	0.000	0.004	1.000	0.000	0.000	0.000	0.000	0.005	0.004	0.017	0.000	0.000	0.000	0.000	0.000	0.013	0.000	0.000	0.004	0.000	0.000	0.000	0.000	0.004	0.000	0.000	0.009	0.000	0.000	0.000	0.000	0.018	0.000	0.000	0.000	0.000	0.015	1.000	0.000
IZH2	0.000	0.000	0.000	0.004	0.000	0.000	0.000	0.000	0.000	0.000	0.000	0.000	0.000	0.000	0.000	0.000	0.000	0.000	0.000	0.000	0.014	0.030	0.000	0.000	0.000	0.000	0.021	0.000	0.000	0.000	0.000	0.000	0.000	0.004	0.009	0.011	0.000	0.000	0.879	0.000	0.000	0.000	0.000	0.000	0.000	0.013	0.013	0.000	0.009	0.004	0.083	0.000	0.009	0.000	0.000	1.000
