Entry	gene	Entry Name	Protein names	Length	pfam	family	n_tm	n_intramembrane	n_term	c_term	topology	tm_segments	intramembrane_segments	topo_domains
Q12359	ATO3	ATO3_YEAST	Ammonia transport outward protein 3	275	PF01184	Gpr1/Fun34/YaaH	5	0	out	in	5 TM | N-out / C-in	85-105;121-141;182-202;208-228;237-257		1-84:out;106-120:in;142-181:out;203-207:in;229-236:out;258-275:in
P25613	ADY2	ADY2_YEAST	Accumulation of dyads protein 2 (Ammonia transport outward protein 1)	283	PF01184	Gpr1/Fun34/YaaH	6	0	in	in	6 TM | N-in / C-in	90-110;121-141;152-172;186-206;209-229;241-261		1-89:in;111-120:out;142-151:in;173-185:out;207-208:in;230-240:out;262-283:in
Q07651	FMP45	FMP45_YEAST	SUR7 family protein FMP45	309	PF06687	SUR7	4	0	in	in	4 TM | N-in / C-in	6-26;117-137;141-161;189-209		1-5:in;27-116:out;138-140:in;162-188:out;210-309:in
Q08913	FEX1	FEX1_YEAST	Fluoride export protein 1	375	PF02537	Other	9	0	in	out	9 TM | N-in / C-out	12-32;35-55;80-100;128-148;214-234;242-262;269-289;311-331;339-359		1-11:in;33-34:out;56-79:in;101-127:out;149-213:in;235-241:out;263-268:in;290-310:out;332-338:in;360-375:out
P53838	BOR1	BOR1_YEAST	Boron transporter 1	576	PF00955	Other	12	0	in	in	12 TM | N-in / C-in	85-105;117-134;141-160;166-186;193-213;236-256;275-295;330-350;374-394;439-459;496-516;519-539		1-84:in;106-116:out;135-140:in;161-165:out;187-192:in;214-235:out;257-274:in;296-329:out;351-373:in;395-438:out;460-495:in;517-518:out;540-576:in
P53943	AQR1	AQR1_YEAST	Probable transporter AQR1	586	PF07690	MFS_1	11	0	out	in	11 TM | N-out / C-in	100-120;140-160;167-187;189-209;226-246;256-276;335-355;375-395;434-454;460-480;524-544		1-99:out;121-139:in;161-166:out;188-188:in;210-225:out;247-255:in;277-334:out;356-374:in;396-433:out;455-459:in;481-523:out;545-586:in
P30606	ITR2	ITR2_YEAST	Myo-inositol transporter 2	609	PF00083	Sugar_tr (MFS)	12	0	in	in	12 TM | N-in / C-in	105-125;153-173;180-200;210-230;241-261;270-290;360-380;397-417;424-444;466-486;507-527;534-554		1-104:in;126-152:out;174-179:in;201-209:out;231-240:in;262-269:out;291-359:in;381-396:out;418-423:in;445-465:out;487-506:in;528-533:out;555-609:in
P36173	GEX2	GEX2_YEAST	Glutathione exchanger 2	615	PF07690	MFS_1	12	0	in	in	12 TM | N-in / C-in	59-79;121-141;153-173;217-237;276-296;308-328;344-364;384-404;408-428;441-461;472-492;549-569		1-58:in;80-120:out;142-152:in;174-216:out;238-275:in;297-307:out;329-343:in;365-383:out;405-407:in;429-440:out;462-471:in;493-548:out;570-615:in
P36035	JEN1	JEN1_YEAST	Carboxylic acid transporter protein homolog	616	PF00083	Sugar_tr (MFS)	12	0	in	in	12 TM | N-in / C-in	141-161;177-197;206-226;231-251;264-284;297-317;364-384;403-423;433-453;458-478;490-510;536-556		2-140:in;162-176:out;198-205:in;227-230:out;252-263:in;285-296:out;318-363:in;385-402:out;424-432:in;454-457:out;479-489:in;511-535:out;557-616:in
P15380	PUT4	PUT4_YEAST	Proline-specific permease	627	PF00324	AA_permease (APC)	12	0	?	?	12 TM | N-? / C-?	115-136;142-162;191-210;229-247;262-281;306-326;351-370;408-427;455-473;483-503;522-542;558-578		
P38993	FET3	FET3_YEAST	Iron transport multicopper oxidase FET3 (EC 1.16.3.1) (Cuproxidase FET3) (EC 1.16.3.4)	636	PF00394	Other	1	0	out	in	1 TM | N-out / C-in	560-584		22-559:out;585-636:in
P38227	QDR3	QDR3_YEAST	Quinidine resistance protein 3 (Acids quinidine resistance protein 2)	689	PF07690	MFS_1	11	0	out	in	11 TM | N-out / C-in	109-131;140-163;176-193;236-256;266-283;476-493;511-532;559-577;587-609;625-642;649-668		1-108:out;132-139:in;164-175:out;194-235:in;257-265:out;284-475:in;494-510:out;533-558:in;578-586:out;610-624:in;643-648:out;669-689:in
P33413	DUR3	DUR3_YEAST	Urea active transporter	735	PF00474	Other	14	0	in	in	14 TM | N-in / C-in	15-35;86-106;131-151;167-187;190-210;254-274;296-316;344-364;404-424;426-446;455-475;497-517;619-639;651-671		1-14:in;36-85:out;107-130:in;152-166:out;188-189:in;211-253:out;275-295:in;317-343:out;365-403:in;425-425:out;447-454:in;476-496:out;518-618:in;640-650:out;672-735:in
Q12300	RGT2	RGT2_YEAST	High glucose sensor RGT2 (Low-affinity glucose receptor RGT2) (Low-affinity transporter-like sensor RGT2) (Restores glucose transport protein 2)	763	PF00083	Sugar_tr (MFS)	12	0	in	in	12 TM | N-in / C-in	100-120;145-165;176-196;198-218;232-252;267-287;358-378;394-414;422-442;453-473;492-512;525-545		1-99:in;121-144:out;166-175:in;197-197:out;219-231:in;253-266:out;288-357:in;379-393:out;415-421:in;443-452:out;474-491:in;513-524:out;546-763:in
P10870	SNF3	SNF3_YEAST	Low glucose sensor SNF3 (High-affinity glucose receptor SNF3) (High-affinity transporter-like sensor SNF3) (Sucrose nonfermenting protein 3)	884	PF00083	Sugar_tr (MFS)	12	0	in	in	12 TM | N-in / C-in	98-118;144-164;179-199;203-223;230-250;265-285;359-379;392-412;420-440;452-472;489-509;522-542		1-97:in;119-143:out;165-178:in;200-202:out;224-229:in;251-264:out;286-358:in;380-391:out;413-419:in;441-451:out;473-488:in;510-521:out;543-884:in
P25621	FEN2	FEN2_YEAST	Pantothenate transporter FEN2 (Fenpropimorph resistance protein 2)	512	PF07690	MFS_1	12	0	in	in	12 TM | N-in / C-in	28-48;80-100;103-123;133-153;165-185;199-219;272-292;313-333;343-363;373-393;402-422;435-455		1-27:in;49-79:out;101-102:in;124-132:out;154-164:in;186-198:out;220-271:in;293-312:out;334-342:in;364-372:out;394-401:in;423-434:out;456-512:in
P53322	TNA1	TNA1_YEAST	High-affinity nicotinic acid transporter (Nicotinic acid permease)	534	PF07690	MFS_1	11	0	out	in	11 TM | N-out / C-in	131-151;153-173;188-208;218-238;251-271;324-344;356-376;385-405;411-431;445-465;475-495		1-130:out;152-152:in;174-187:out;209-217:in;239-250:out;272-323:in;345-355:out;377-384:in;406-410:out;432-444:in;466-474:out;496-534:in
P23585	HXT2	HXT2_YEAST	High-affinity glucose transporter HXT2	541	PF00083	Sugar_tr (MFS)	12	0	in	in	12 TM | N-in / C-in	50-70;108-128;135-155;163-183;193-213;228-248;328-347;351-371;380-400;419-439;457-477;485-505		2-49:in;71-107:out;129-134:in;156-162:out;184-192:in;214-227:out;249-327:in;348-350:out;372-379:in;401-418:out;440-456:in;478-484:out;506-541:in
P40474	QDR2	QDR2_YEAST	Quinidine resistance protein 2	542	PF07690	MFS_1	12	0	in	in	12 TM | N-in / C-in	68-88;101-121;128-148;150-170;188-208;217-237;301-321;334-354;414-434;438-458;473-493;504-524		1-67:in;89-100:out;122-127:in;149-149:out;171-187:in;209-216:out;238-300:in;322-333:out;355-413:in;435-437:out;459-472:in;494-503:out;525-542:in
P32466	HXT3	HXT3_YEAST	Low-affinity glucose transporter HXT3	567	PF00083	Sugar_tr (MFS)	12	0	in	in	12 TM | N-in / C-in	58-78;114-134;141-161;172-192;199-219;234-254;338-354;361-378;386-406;429-449;467-487;489-509		1-57:in;79-113:out;135-140:in;162-171:out;193-198:in;220-233:out;255-337:in;355-360:out;379-385:in;407-428:out;450-466:in;488-488:out;510-567:in
P39004	HXT7	HXT7_YEAST	High-affinity hexose transporter HXT7	570	PF00083	Sugar_tr (MFS)	12	0	in	in	12 TM | N-in / C-in	61-81;117-137;144-164;175-195;202-222;237-257;341-357;364-381;389-409;432-452;470-490;492-512		1-60:in;82-116:out;138-143:in;165-174:out;196-201:in;223-236:out;258-340:in;358-363:out;382-388:in;410-431:out;453-469:in;491-491:out;513-570:in
P32465	HXT1	HXT1_YEAST	Low-affinity glucose transporter HXT1	570	PF00083	Sugar_tr (MFS)	12	0	in	in	12 TM | N-in / C-in	61-81;117-137;144-164;175-195;202-222;237-257;341-357;364-381;389-409;432-452;470-490;492-512		1-60:in;82-116:out;138-143:in;165-174:out;196-201:in;223-236:out;258-340:in;358-363:out;382-388:in;410-431:out;453-469:in;491-491:out;513-570:in
P30605	ITR1	ITR1_YEAST	Myo-inositol transporter 1	584	PF00083	Sugar_tr (MFS)	12	0	in	in	12 TM | N-in / C-in	82-102;130-150;164-184;187-207;216-236;247-267;350-370;377-397;401-421;442-462;487-507;511-531		1-81:in;103-129:out;151-163:in;185-186:out;208-215:in;237-246:out;268-349:in;371-376:out;398-400:in;422-441:out;463-486:in;508-510:out;532-584:in
P25297	PHO84	PHO84_YEAST	Inorganic phosphate transporter PHO84	587	PF00083	Sugar_tr (MFS)	12	0	out	out	12 TM | N-out / C-out	68-88;109-129;134-154;157-177;202-222;251-271;346-366;396-416;420-440;443-463;486-506;523-543		1-67:out;89-108:in;130-133:out;155-156:in;178-201:out;223-250:in;272-345:out;367-395:in;417-419:out;441-442:in;464-485:out;507-522:in;544-587:out
P04817	CAN1	CAN1_YEAST	Arginine permease CAN1 (Canavanine resistance protein 1)	590	PF00324	AA_permease (APC)	12	0	?	?	12 TM | N-? / C-?	93-113;117-137;172-192;199-219;235-255;283-303;324-344;377-397;420-440;449-469;498-518;524-544		
P38695	HXT5	HXT5_YEAST	Probable glucose transporter HXT5	592	PF00083	Sugar_tr (MFS)	12	0	in	in	12 TM | N-in / C-in	82-102;138-158;165-185;196-216;223-243;258-278;362-378;385-402;410-430;453-473;491-511;513-533		1-81:in;103-137:out;159-164:in;186-195:out;217-222:in;244-257:out;279-361:in;379-384:out;403-409:in;431-452:out;474-490:in;512-512:out;534-592:in
P38090	AGP2	AGP2_YEAST	General amino acid permease AGP2	596	PF00324	AA_permease (APC)	12	0	in	in	12 TM | N-in / C-in	95-115;118-138;166-186;200-220;228-248;289-309;327-347;380-400;428-448;460-480;506-526;535-555		1-94:in;116-117:out;139-165:in;187-199:out;221-227:in;249-288:out;310-326:in;348-379:out;401-427:in;449-459:out;481-505:in;527-534:out;556-596:in
P06775	HIP1	HIP1_YEAST	Histidine permease	603	PF00324	AA_permease (APC)	12	0	in	in	12 TM | N-in / C-in	96-116;122-142;166-185;204-223;237-255;280-297;322-342;377-396;424-442;452-472;492-510;531-549		1-95:in;117-121:out;143-165:in;186-203:out;224-236:in;256-279:out;298-321:in;343-376:out;397-423:in;443-451:out;473-491:in;511-530:out;550-603:in
P53388	DIP5	DIP5_YEAST	Dicarboxylic amino acid permease	608	PF00324	AA_permease (APC)	12	0	in	in	12 TM | N-in / C-in	91-111;120-142;157-177;202-222;232-252;286-306;323-343;373-393;424-444;455-475;502-522;531-551		1-90:in;112-119:out;143-156:in;178-201:out;223-231:in;253-285:out;307-322:in;344-372:out;394-423:in;445-454:out;476-501:in;523-530:out;552-608:in
P38084	BAP2	BAP2_YEAST	Leu/Val/Ile amino-acid permease (Branched-chain amino-acid permease 2)	609	PF00324	AA_permease (APC)	12	0	in	in	12 TM | N-in / C-in	100-120;124-144;174-194;211-231;236-256;290-310;329-349;375-395;428-448;452-472;501-521;537-557		1-99:in;121-123:out;145-173:in;195-210:out;232-235:in;257-289:out;311-328:in;350-374:out;396-427:in;449-451:out;473-500:in;522-536:out;558-609:in
P32487	LYP1	LYP1_YEAST	Lysine-specific permease	611	PF00324	AA_permease (APC)	12	0	in	in	12 TM | N-in / C-in	116-136;142-162;186-205;224-243;257-274;304-321;345-365;399-418;446-464;474-494;514-532;548-566		1-115:in;137-141:out;163-185:in;206-223:out;244-256:in;275-303:out;322-344:in;366-398:out;419-445:in;465-473:out;495-513:in;533-547:out;567-611:in
Q06451	TPO3	TPO3_YEAST	Polyamine transporter 3	622	PF07690	MFS_1	12	0	in	in	12 TM | N-in / C-in	183-203;216-236;246-266;276-296;306-326;336-356;417-437;447-467;488-508;513-533;551-571;584-604		1-182:in;204-215:out;237-245:in;267-275:out;297-305:in;327-335:out;357-416:in;438-446:out;468-487:in;509-512:out;534-550:in;572-583:out;605-622:in
P25376	AGP1	AGP1_YEAST	General amino acid permease AGP1 (Asparagine/glutamine permease)	633	PF00324	AA_permease (APC)	12	0	in	in	12 TM | N-in / C-in	125-145;149-169;198-218;232-252;261-281;314-334;353-373;403-425;453-473;478-498;532-552;561-581		1-124:in;146-148:out;170-197:in;219-231:out;253-260:in;282-313:out;335-352:in;374-402:out;426-452:in;474-477:out;499-531:in;553-560:out;582-633:in
Q05131	RCH1	RCH1_YEAST	Solute carrier RCH1 (Regulator of calcium homeostasis 1)	434	PF13593	Other	10	0	in	in	10 TM | N-in / C-in	16-36;51-71;88-108;119-139;150-170;200-220;235-255;265-285;328-348;363-383		1-15:in;37-50:out;72-87:in;109-118:out;140-149:in;171-199:out;221-234:in;256-264:out;286-327:in;349-362:out;384-434:in
P41948	MEP2	MEP2_YEAST	Ammonium transporter MEP2	499	PF00909	Other	11	0	out	in	11 TM | N-out / C-in	32-52;63-83;123-143;153-173;188-208;231-251;258-278;290-312;316-338;347-367;394-414		1-31:out;53-62:in;84-122:out;144-152:in;174-187:out;209-230:in;252-257:out;279-289:in;313-315:out;339-346:in;368-393:out;415-499:in
P40988	FET4	FET4_YEAST	Low-affinity Fe(2+) transport protein (Low-affinity Fe(II) transport protein)	552	PF04120	Other	7	0	out	in	7 TM | N-out / C-in	98-118;226-246;272-292;355-375;384-404;466-486;494-514		1-97:out;119-225:in;247-271:out;293-354:in;376-383:out;405-465:in;487-493:out;515-552:in
P47114	KCH1	KCH1_YEAST	Low affinity K(+) transporter 1	497	PF16944	KCH	3	0	out	in	3 TM | N-out / C-in	30-50;81-101;217-237		1-29:out;51-80:in;102-216:out;238-497:in
P39932	STL1	STL1_YEAST	Sugar transporter STL1	569	PF00083	Sugar_tr (MFS)	12	0	in	in	12 TM | N-in / C-in	30-50;80-100;108-128;130-150;169-189;204-224;292-312;331-351;359-379;390-410;427-447;454-474		1-29:in;51-79:out;101-107:in;129-129:out;151-168:in;190-203:out;225-291:in;313-330:out;352-358:in;380-389:out;411-426:in;448-453:out;475-569:in
P19807	HNM1	HNM1_YEAST	Choline transporter	563	PF13520	AA_permease_2 (APC)	11	0	out	in	11 TM | N-out / C-in	58-78;88-108;183-203;206-226;256-276;294-314;343-363;399-417;427-445;466-486;492-512		1-57:out;79-87:in;109-182:out;204-205:in;227-255:out;277-293:in;315-342:out;364-398:in;418-426:out;446-465:in;487-491:out;513-563:in
P49573	CTR1	CTR1_YEAST	Copper transport protein CTR1 (Copper transporter 1)	406	PF04145	Other	2	0	in	in	2 TM | N-in / C-in	153-173;251-271		1-152:in;174-250:out;272-406:in
P50276	MUP1	MUP1_YEAST	High-affinity methionine permease	574	PF13520	AA_permease_2 (APC)	10	0	in	in	10 TM | N-in / C-in	62-82;93-113;141-161;183-203;208-228;294-314;341-361;419-439;456-476;491-511		1-61:in;83-92:out;114-140:in;162-182:out;204-207:in;229-293:out;315-340:in;362-418:out;440-455:in;477-490:out;512-574:in
P13181	GAL2	GAL2_YEAST	Galactose transporter (Galactose permease)	574	PF00083	Sugar_tr (MFS)	12	0	in	in	12 TM | N-in / C-in	71-91;122-142;150-170;176-196;208-228;243-263;343-362;367-387;395-415;436-456;473-493;500-520		1-70:in;92-121:out;143-149:in;171-175:out;197-207:in;229-242:out;264-342:in;363-366:out;388-394:in;416-435:out;457-472:in;494-499:out;521-574:in
Q08417	RSB1	RSB1_YEAST	Sphingoid long-chain base transporter RSB1	382	PF04479	RTA1	7	0	out	in	7 TM | N-out / C-in	35-55;58-78;91-111;136-156;172-192;242-262;282-302		1-34:out;56-57:in;79-90:out;112-135:in;157-171:out;193-241:in;263-281:out;303-382:in
P35735	SFK1	SFK1_YEAST	Protein SFK1 (Suppressor of four kinase protein 1)	353	PF10277	Other	6	0	in	in	6 TM | N-in / C-in	12-32;63-83;131-151;161-181;232-253;264-284		1-11:in;33-62:out;84-130:in;152-160:out;182-231:in;254-263:out;285-353:in
P54003	SUR7	SUR7_YEAST	Protein SUR7	302	PF06687	SUR7	4	0	in	in	4 TM | N-in / C-in	11-31;115-135;146-166;190-210		1-10:in;32-114:out;136-145:in;167-189:out;211-302:in
Q06991	PUN1	PUN1_YEAST	Protein PUN1 (Plasma membrane protein up-regulated during nitrogen stress 1)	263	PF06687	SUR7	4	0	in	in	4 TM | N-in / C-in	7-27;144-164;173-193;224-244		1-6:in;28-143:out;165-172:in;194-223:out;245-263:in
P40169	YNL194C	YNT4_YEAST	Uncharacterized plasma membrane protein YNL194C	301	PF06687	SUR7	4	0	out	out	4 TM | N-out / C-out	6-26;113-133;144-164;192-212		1-5:out;27-112:in;134-143:out;165-191:in;213-301:out
Q08902	AMF1	AMF1_YEAST	Low affinity ammonium transporter (Ammonium facilitator 1)	515	PF07690	MFS_1	13	0	out	in	13 TM | N-out / C-in	79-99;112-132;141-161;172-192;203-223;242-262;271-291;311-331;347-367;375-395;404-424;436-456;480-500		1-78:out;100-111:in;133-140:out;162-171:in;193-202:out;224-241:in;263-270:out;292-310:in;332-346:out;368-374:in;396-403:out;425-435:in;457-479:out;501-515:in
P53047	RTA1	RTA1_YEAST	Protein RTA1	317	PF04479	RTA1	7	0	out	in	7 TM | N-out / C-in	17-37;65-85;100-120;143-163;179-199;215-235;260-280		1-16:out;38-64:in;86-99:out;121-142:in;164-178:out;200-214:in;236-259:out;281-317:in
P05316	FUR4	FUR4_YEAST	Uracil permease	633	PF02133	Other	12	0	?	?	12 TM | N-? / C-?	143-163;173-193;197-217;242-262;268-288;310-330;350-370;400-420;442-462;465-485;521-541;559-579		
P53154	GUP1	GUP1_YEAST	Membrane-bound O-acyltransferase GUP1 (Glycerol uptake protein 1)	560	PF03062	Other	11	0	out	in	11 TM | N-out / C-in	44-64;102-122;132-152;166-185;277-297;323-343;353-373;433-453;454-474;486-506;527-547		1-43:out;65-101:in;123-131:out;153-165:in;186-276:out;298-322:in;344-352:out;374-432:in;475-485:in;507-526:out;548-560:in
P32907	ATO2	ATO2_YEAST	Ammonia transport outward protein 2	282	PF01184	Gpr1/Fun34/YaaH	6	0	out	out	6 TM | N-out / C-out	87-107;120-140;151-171;185-205;208-228;239-259		2-86:out;108-119:in;141-150:out;172-184:in;206-207:out;229-238:in;260-282:out
P0CD91	AQY1	AQY1_YEAST	Aquaporin-1	305	PF00230	Other	6	0	in	in	6 TM | N-in / C-in	49-69;92-112;137-157;177-197;204-224;249-269		1-48:in;70-91:out;113-136:in;158-176:out;198-203:in;225-248:out;270-305:in
Q12442	IZH2	IZH2_YEAST	ADIPOR-like receptor IZH2 (Phosphate metabolism protein 36)	317	PF03006	Other	7	0	in	out	7 TM | N-in / C-out	79-99;111-131;154-174;177-197;213-233;243-263;277-297		1-78:in;100-110:out;132-153:in;175-176:out;198-212:in;234-242:out;264-276:in;298-317:out
Q04705	PRM6	PRM6_YEAST	Pheromone-regulated membrane protein 6 (Low affinity K(+) transporter 2)	352	PF16944	KCH	3	0	out	in	3 TM | N-out / C-in	37-57;77-97;228-248		1-36:out;58-76:in;98-227:out;249-352:in
P25346	GIT1	GIT1_YEAST	Glycerophosphoinositol transporter 1	518	PF00083	Sugar_tr (MFS)	12	0	in	in	12 TM | N-in / C-in	45-65;92-112;115-136;139-159;185-205;217-237;269-289;307-327;336-356;361-381;400-420;431-451		1-44:in;66-91:out;113-114:in;137-138:out;160-184:in;206-216:out;238-268:in;290-306:out;328-335:in;357-360:out;382-399:in;421-430:out;452-518:in
